,baseMean,log2FoldChange,lfcSE,stat,pvalue,padj,svalue,Rank1,Rank2,Rank3,Rank4,Rank5,Function
22335,201.1548441,1.434555484,0.388756659,5.414620659,6.14E-08,3.13E-07,0.046282454,Root,Human Diseases,Drug resistance: antimicrobial,ko01501 beta-Lactam resistance,K22335 beta-lactamase class D OXA-114 [EC:3.5.2.6],Antibiotic resistance
19101,253.3614465,1.760391254,0.215977282,9.231840913,2.66E-20,1.23E-17,0.00010156,Root,Human Diseases,Drug resistance: antimicrobial,ko01501 beta-Lactam resistance,K19101 beta-lactamase class C FOX [EC:3.5.2.6],Antibiotic resistance
19213,86.74249091,2.034821015,0.346485805,6.950118265,3.65E-12,7.47E-11,0.00078856,Root,Human Diseases,Drug resistance: antimicrobial,ko01501 beta-Lactam resistance,K19213 beta-lactamase class D OXA-12 [EC:3.5.2.6],Antibiotic resistance
19216,389.9330756,2.036951433,0.306562782,7.564317372,3.90E-14,1.63E-12,0.0002785,Root,Human Diseases,Drug resistance: antimicrobial,ko01501 beta-Lactam resistance,K19216 metallo-beta-lactamase class B IND [EC:3.5.2.6],Antibiotic resistance
18793,264.8721748,2.84984524,0.492901286,6.430999313,1.27E-10,1.50E-09,0.000242984,Root,Human Diseases,Drug resistance: antimicrobial,ko01501 beta-Lactam resistance,K18793 beta-lactamase class D OXA-23 [EC:3.5.2.6],Antibiotic resistance
10927,666.7249618,1.224646037,0.188174389,7.465583429,8.29E-14,3.13E-12,0.040257773,Root,Cellular Processes,Cellular community - prokaryotes,ko05111 Biofilm formation - Vibrio cholerae,K10927 MSHA pilin protein MshD,Biofilm formation
10926,520.2691762,1.342324219,0.201570256,7.826264007,5.03E-15,3.01E-13,0.011018352,Root,Cellular Processes,Cellular community - prokaryotes,ko05111 Biofilm formation - Vibrio cholerae,K10926 MSHA pilin protein MshC,Biofilm formation
20961,640.1906629,1.746721522,0.237498834,8.543149397,1.31E-17,2.33E-15,0.000315533,Root,Cellular Processes,Cellular community - prokaryotes,ko05111 Biofilm formation - Vibrio cholerae,K20961 diguanylate cyclase [EC:2.7.7.65],Biofilm formation
13448,46.29460743,1.867234809,0.564148447,5.135825554,2.81E-07,1.21E-06,0.025750696,Root,Organismal Systems,Environmental adaptation,ko04626 Plant-pathogen interaction,K13448 calcium-binding protein CML,Calcium sensors
10857,2101.328138,1.236882944,0.187254406,7.575773054,3.57E-14,1.50E-12,0.034528107,Root,Genetic Information Processing,Replication and repair,ko03430 Mismatch repair,K10857 exodeoxyribonuclease X [EC:3.1.11.-],Cell cycle
13586,1302.078085,1.31791825,0.224919523,7.089925354,1.34E-12,3.25E-11,0.024486358,Root,Cellular Processes,Cell growth and death,ko04112 Cell cycle - Caulobacter,K13586 holdfast attachment protein HfaB,Cell cycle
18642,469.6805662,1.529353438,0.381975321,5.726295888,1.03E-08,6.47E-08,0.027085315,Root,Brite Hierarchies,Protein families: signaling and cellular processes,ko04812 Cytoskeleton proteins,K18642 crescentin,Cell cycle
13585,368.5600374,2.004346394,0.271070866,8.230737061,1.86E-16,1.97E-14,8.26E-05,Root,Cellular Processes,Cell growth and death,ko04112 Cell cycle - Caulobacter,K13585 holdfast attachment protein HfaA,Cell cycle
14781,44.72022131,3.061017033,0.467653647,7.058482099,1.68E-12,3.96E-11,1.93E-05,Root,Brite Hierarchies,Protein families: metabolism,ko01000 Enzymes,K14781 ATP-dependent RNA helicase DHR2 [EC:3.6.4.13],Cell cycle
18576,3030.375493,1.293636167,0.192312388,7.796007359,6.39E-15,3.64E-13,0.018652039,Root,Brite Hierarchies,Protein families: metabolism,ko01000 Enzymes,"K18576 xyloglucan-specific endo-beta-1,4-glucanase [EC:3.2.1.151]",Cell wall degradation
18651,23354.90367,1.463669254,0.176693008,9.443947814,3.59E-21,2.81E-18,0.001070381,Root,Brite Hierarchies,Protein families: metabolism,ko01000 Enzymes,K18651 oligoxyloglucan reducing-end-specific cellobiohydrolase [EC:3.2.1.150],Cell wall degradation
18578,26486.78209,1.482936018,0.175018749,9.632315376,5.84E-22,6.61E-19,0.000702738,Root,Brite Hierarchies,Protein families: metabolism,ko01000 Enzymes,"K18578 xyloglucan-specific exo-beta-1,4-glucanase [EC:3.2.1.155]",Cell wall degradation
18786,3267.082778,1.836525675,0.245259486,8.546534061,1.27E-17,2.31E-15,0.000179272,Root,Brite Hierarchies,Protein families: metabolism,ko01000 Enzymes,K18786 cellobionic acid phosphorylase [EC:2.4.1.321],Cell wall degradation
1352,28.66478344,1.375757719,0.228882688,7.314002858,2.59E-13,8.18E-12,0.014339442,Root,Environmental Information Processing,Signaling molecules and interaction,ko04080 Neuroactive ligand-receptor interaction,K01352 granzyme A [EC:3.4.21.78],Defence
11964,110.4748294,1.840446703,0.609120167,4.930959124,8.18E-07,3.14E-06,0.03523404,Root,Brite Hierarchies,Protein families: metabolism,ko01000 Enzymes,K11964 pellino [EC:2.3.2.27],Defence
8566,70.61239025,1.923526211,0.482691097,5.612124801,2.00E-08,1.16E-07,0.009960261,Root,Brite Hierarchies,Protein families: metabolism,ko01000 Enzymes,K08566 plasminogen activator [EC:3.4.23.48],Defence
13964,76.80770144,2.188229968,0.307211746,7.785714526,6.93E-15,3.92E-13,5.79E-05,Root,Brite Hierarchies,Protein families: metabolism,ko01002 Peptidases and inhibitors,K13964 serpin B7,Defence
3628,98571.4102,-0.019248047,0.017197677,-1.183173392,0.236740436,0.296952887,0.956113388,Root,Genetic Information Processing,"Folding, sorting and degradation",ko03018 RNA degradation,K03628 transcription termination factor Rho,Housekeeping
1696,99344.03925,-0.018344573,0.014648143,-1.306776229,0.191288721,0.246308704,0.948556958,Root,Metabolism,Amino acid metabolism,"ko00260 Glycine, serine and threonine metabolism",K01696 tryptophan synthase beta chain [EC:4.2.1.20],Housekeeping
1915,304907.0783,-0.012852128,0.017723733,-0.767432525,0.442824396,0.51034247,0.944000011,Root,Metabolism,Carbohydrate metabolism,ko00630 Glyoxylate and dicarboxylate metabolism,K01915 glutamine synthetase [EC:6.3.1.2],Housekeeping
2112,111297.9389,-0.00722891,0.017911591,-0.427093216,0.669311434,0.72379688,0.945209187,Root,Metabolism,Energy metabolism,ko00190 Oxidative phosphorylation,K02112 F-type H+/Na+-transporting ATPase subunit beta [EC:7.1.2.2 7.2.2.1],Housekeeping
3106,111753.2455,-7.53E-05,0.01286599,-0.006045605,0.995176335,0.996056156,0.955975912,Root,Genetic Information Processing,"Folding, sorting and degradation",ko03060 Protein export,K03106 signal recognition particle subunit SRP54 [EC:3.6.5.4],Housekeeping
2879,33317.40621,0.01284082,0.016682609,0.810346894,0.417740831,0.485387311,0.96403544,Root,Genetic Information Processing,Translation,ko03010 Ribosome,K02879 large subunit ribosomal protein L17,Housekeeping
3168,237842.7397,0.029599332,0.015552476,1.999656545,0.045537364,0.067823446,0.959624317,Root,Brite Hierarchies,Protein families: metabolism,ko01000 Enzymes,K03168 DNA topoisomerase I [EC:5.6.2.1],Housekeeping
2470,218275.4624,0.042864922,0.014902122,3.014807515,0.002571424,0.004851896,0.959561761,Root,Brite Hierarchies,Protein families: metabolism,ko01000 Enzymes,K02470 DNA gyrase subunit B [EC:5.6.2.2],Housekeeping
2939,35660.19523,0.045984345,0.014545893,3.306437197,0.000944905,0.001919386,0.955692988,Root,Genetic Information Processing,Translation,ko03010 Ribosome,K02939 large subunit ribosomal protein L9,Housekeeping
3060,16632.93093,0.078886736,0.016818583,4.882460548,1.05E-06,3.90E-06,0.955547454,Root,Genetic Information Processing,Transcription,ko03020 RNA polymerase,K03060 DNA-directed RNA polymerase subunit omega [EC:2.7.7.6],Housekeeping
5660,5.92540273,-2.837058865,0.531304897,-6.12012165,9.35E-10,8.16E-09,0.000542808,Root,Environmental Information Processing,Membrane transport,ko02010 ABC transporters,"K05660 ATP-binding cassette, subfamily B (MDR/TAP), member 5",Membrane transport
11734,1069.820653,1.195199127,0.155157709,8.466785014,2.52E-17,3.95E-15,0.035943786,Root,Brite Hierarchies,Protein families: signaling and cellular processes,ko02000 Transporters,K11734 aromatic amino acid transport protein AroP,Membrane transport
16210,3882.035381,1.217373489,0.179311544,7.696421446,1.40E-14,6.82E-13,0.039519902,Root,Brite Hierarchies,Protein families: signaling and cellular processes,ko02000 Transporters,K16210 oligogalacturonide transporter,Membrane transport
10235,5116.134801,1.253891441,0.178272581,7.986706234,1.39E-15,9.94E-14,0.023835311,Root,Environmental Information Processing,Membrane transport,ko02010 ABC transporters,K10235 alpha-glucoside transport system ATP-binding protein,Membrane transport
16552,1513.127607,1.290499594,0.227022113,6.890571513,5.56E-12,1.06E-10,0.03381225,Root,Brite Hierarchies,Protein families: signaling and cellular processes,ko02000 Transporters,K16552 polysaccharide biosynthesis/export protein ExoF,Membrane transport
16347,47.22433323,1.531822301,0.390602118,5.658247801,1.53E-08,9.21E-08,0.029092537,Root,Brite Hierarchies,Protein families: signaling and cellular processes,ko02000 Transporters,K16347 entericidin A,Membrane transport
11934,395.2118937,1.550734457,0.244244807,7.756868118,8.71E-15,4.67E-13,0.002544425,Root,Brite Hierarchies,Protein families: signaling and cellular processes,ko02000 Transporters,K11934 outer membrane protein X,Membrane transport
16088,4660.714339,1.572550113,0.340499406,6.256090063,3.95E-10,3.98E-09,0.012163484,Root,Brite Hierarchies,Protein families: signaling and cellular processes,ko02000 Transporters,K16088 outer-membrane receptor for ferric coprogen and ferric-rhodotorulic acid,Membrane transport
16348,142.7064157,1.631720972,0.290832341,7.103731138,1.21E-12,2.98E-11,0.004178116,Root,Brite Hierarchies,Protein families: signaling and cellular processes,ko02000 Transporters,K16348 entericidin B,Membrane transport
10094,526.2602665,1.795202526,0.25700002,8.164309764,3.23E-16,2.99E-14,0.00036418,Root,Environmental Information Processing,Membrane transport,ko02010 ABC transporters,K10094 nickel transport protein,Membrane transport
11743,30.39180378,1.870383081,0.427535679,5.940460629,2.84E-09,2.14E-08,0.007164938,Root,Brite Hierarchies,Protein families: signaling and cellular processes,ko02000 Transporters,K11743 spermidine export protein MdtJ,Membrane transport
2532,2522.633138,1.959102246,0.219229386,9.642038254,5.31E-22,6.61E-19,4.83E-06,Root,Brite Hierarchies,Protein families: signaling and cellular processes,ko02000 Transporters,"K02532 MFS transporter, OHS family, lactose permease",Membrane transport
8156,841.648347,1.978223961,0.276435656,8.065003597,7.32E-16,5.88E-14,0.000156958,Root,Brite Hierarchies,Protein families: signaling and cellular processes,ko02000 Transporters,"K08156 MFS transporter, DHA1 family, arabinose polymer utilization protein",Membrane transport
16553,363.9789445,2.120184468,0.523754551,5.548137633,2.89E-08,1.62E-07,0.007563403,Root,Brite Hierarchies,Protein families: signaling and cellular processes,ko02000 Transporters,K16553 succinoglycan exporter,Membrane transport
16696,17.79935885,2.360637504,0.635424799,5.250423734,1.52E-07,7.00E-07,0.008525023,Root,Brite Hierarchies,Protein families: signaling and cellular processes,ko02000 Transporters,K16696 exopolysaccharide (amylovoran) exporter,Membrane transport
10975,70.29956784,2.819877118,0.332100781,8.798035627,1.39E-18,3.68E-16,2.39E-07,Root,Brite Hierarchies,Protein families: signaling and cellular processes,ko02000 Transporters,K10975 allantoin permease,Membrane transport
2383,2.399445762,-3.243122276,0.800766477,-5.50883019,3.61E-08,1.97E-07,0.003664949,Root,Brite Hierarchies,Protein families: signaling and cellular processes,ko02035 Bacterial motility proteins,K02383 flagellar protein FlbB,Motility
7991,26.17561398,-2.241791247,0.454200503,-6.0721795,1.26E-09,1.06E-08,0.001604413,Root,Brite Hierarchies,Protein families: metabolism,ko01000 Enzymes,K07991 archaeal preflagellin peptidase FlaK [EC:3.4.23.52],Motility
7345,402.4366315,1.282160551,0.259362903,6.254747815,3.98E-10,4.01E-09,0.047097082,Root,Human Diseases,Infectious disease: bacterial,ko05131 Shigellosis,K07345 major type 1 subunit fimbrin (pilin),Motility
2399,958.1667156,1.451845302,0.210024632,8.200440349,2.40E-16,2.42E-14,0.003923287,Root,Cellular Processes,Cell motility,ko02040 Flagellar assembly,K02399 flagellar biosynthesis protein FlgN,Motility
608,13.86312233,-2.373269474,0.702854407,-5.063261547,4.12E-07,1.70E-06,0.01485469,Root,Metabolism,Nucleotide metabolism,ko00240 Pyrimidine metabolism,K00608 aspartate carbamoyltransferase [EC:2.1.3.2],Primary metabolism
21346,13.53102388,-1.706947134,0.476356066,-5.384653716,7.26E-08,3.64E-07,0.025124107,Root,Metabolism,Biosynthesis of other secondary metabolites,ko00966 Glucosinolate biosynthesis,K21346 methionine transaminase [EC:2.6.1.88],Primary metabolism
13831,87.29744422,-1.527981334,0.229828954,-8.015908919,1.09E-15,8.01E-14,0.002045545,Root,Metabolism,Carbohydrate metabolism,ko00030 Pentose phosphate pathway,K13831 3-hexulose-6-phosphate synthase / 6-phospho-3-hexuloisomerase [EC:4.1.2.43 5.3.1.27],Primary metabolism
19033,122.2412756,1.194706624,0.184484216,7.375242502,1.64E-13,5.57E-12,0.049651824,Root,Brite Hierarchies,Protein families: genetic information processing,ko03011 Ribosome,K19033 30S ribosomal protein S31,Primary metabolism
20455,6557.606456,1.213963323,0.200918292,7.040870626,1.91E-12,4.32E-11,0.047950049,Root,Metabolism,Carbohydrate metabolism,ko00640 Propanoate metabolism,K20455 2-methylcitrate dehydratase (2-methyl-trans-aconitate forming) [EC:4.2.1.117],Primary metabolism
3181,1137.099019,1.218435024,0.175038374,7.850019499,4.16E-15,2.58E-13,0.036652052,Root,Metabolism,Metabolism of cofactors and vitamins,ko00130 Ubiquinone and other terpenoid-quinone biosynthesis,K03181 chorismate lyase [EC:4.1.3.40],Primary metabolism
2847,4425.897255,1.230512924,0.177018337,7.866324805,3.65E-15,2.35E-13,0.032422747,Root,Metabolism,Glycan biosynthesis and metabolism,ko00540 Lipopolysaccharide biosynthesis,K02847 O-antigen ligase [EC:2.4.1.-],Primary metabolism
1202,14040.28293,1.23122719,0.172662678,8.026600315,1.00E-15,7.56E-14,0.03108042,Root,Metabolism,Lipid metabolism,ko00600 Sphingolipid metabolism,K01202 galactosylceramidase [EC:3.2.1.46],Primary metabolism
8325,1580.284442,1.296460652,0.222558294,7.021581541,2.19E-12,4.86E-11,0.030426974,Root,Metabolism,Carbohydrate metabolism,ko00640 Propanoate metabolism,K08325 NADP-dependent alcohol dehydrogenase [EC:1.1.-.-],Primary metabolism
211,1435.748787,1.328457159,0.242027297,6.792013756,1.11E-11,1.89E-10,0.028410422,Root,Metabolism,Amino acid metabolism,"ko00400 Phenylalanine, tyrosine and tryptophan biosynthesis",K00211 prephenate dehydrogenase (NADP+) [EC:1.3.1.13],Primary metabolism
998,175.0862383,1.341973428,0.291390292,6.072237803,1.26E-09,1.06E-08,0.041724503,Root,Metabolism,Lipid metabolism,ko00564 Glycerophospholipid metabolism,K00998 CDP-diacylglycerol---serine O-phosphatidyltransferase [EC:2.7.8.8],Primary metabolism
1355,466.2152139,1.389478448,0.273196576,6.538875002,6.20E-11,8.20E-10,0.023169166,Root,Brite Hierarchies,Protein families: metabolism,ko01000 Enzymes,K01355 omptin [EC:3.4.23.49],Primary metabolism
1085,605.554221,1.399155219,0.270649411,6.6217546,3.55E-11,5.09E-10,0.019950502,Root,Metabolism,Carbohydrate metabolism,ko00010 Glycolysis / Gluconeogenesis,K01085 glucose-1-phosphatase [EC:3.1.3.10],Primary metabolism
1819,365.6343008,1.432745209,0.222859984,7.752512597,9.01E-15,4.76E-13,0.005950212,Root,Metabolism,Carbohydrate metabolism,ko00052 Galactose metabolism,K01819 galactose-6-phosphate isomerase [EC:5.3.1.26],Primary metabolism
16215,213.9239,1.434422611,0.355485213,5.70009385,1.20E-08,7.42E-08,0.038801553,Root,Brite Hierarchies,Protein families: metabolism,ko01000 Enzymes,K16215 2-ketoarginine methyltransferase [EC:2.1.1.243],Primary metabolism
8961,1964.792548,1.825707175,0.293075244,7.483684163,7.23E-14,2.78E-12,0.00087771,Root,Brite Hierarchies,Protein families: metabolism,ko01000 Enzymes,K08961 chondroitin-sulfate-ABC endolyase/exolyase [EC:4.2.2.20 4.2.2.21],Primary metabolism
21280,155.443617,2.014621841,0.564294104,5.272220802,1.35E-07,6.30E-07,0.016365366,Root,Brite Hierarchies,Protein families: metabolism,ko01000 Enzymes,K21280 3-hydroxy-4-methylanthranilyl-[aryl-carrier protein] 5-monooxygenase [EC:1.14.13.223],Primary metabolism
21239,131.1466886,2.021928785,0.350323523,6.885337425,5.77E-12,1.09E-10,0.000970632,Root,Brite Hierarchies,Protein families: metabolism,ko01000 Enzymes,K21239 virion DNA-directed RNA polymerase [EC:2.7.7.6],Primary metabolism
12455,139.4888562,2.070400045,0.303032837,7.67694298,1.63E-14,7.62E-13,0.000204356,Root,Metabolism,Carbohydrate metabolism,ko00520 Amino sugar and nucleotide sugar metabolism,K12455 CDP-abequose synthase [EC:1.1.1.341],Primary metabolism
3397,17.95097658,2.474953962,0.676941686,5.19949008,2.00E-07,8.92E-07,0.008983057,Root,Brite Hierarchies,Protein families: metabolism,ko01000 Enzymes,K03397 indoleacetate---lysine synthetase [EC:6.3.2.20],Primary metabolism
19731,2323.679522,1.225782528,0.167519822,8.181333025,2.81E-16,2.72E-14,0.029762279,Root,Cellular Processes,Cellular community - prokaryotes,ko02024 Quorum sensing,"K19731 LuxR family transcriptional regulator, quorum-sensing system regulator CciR",Quorum sensing
20268,454.7181919,1.341270028,0.238517294,6.927542868,4.28E-12,8.54E-11,0.022512757,Root,Cellular Processes,Cellular community - prokaryotes,ko02024 Quorum sensing,K20268 rhizosphere induced protein,Quorum sensing
20326,1279.651589,1.518142189,0.252856296,7.443175248,9.83E-14,3.55E-12,0.004516506,Root,Cellular Processes,Cellular community - prokaryotes,ko02024 Quorum sensing,K20326 protein XagA,Quorum sensing
20272,61.45760862,1.528901899,0.392714691,5.633427905,1.77E-08,1.05E-07,0.031730096,Root,Cellular Processes,Cellular community - prokaryotes,ko02024 Quorum sensing,K20272 TraR antiactivator,Quorum sensing
20275,107.8471269,1.530018097,0.352365162,6.011987908,1.83E-09,1.45E-08,0.019299724,Root,Cellular Processes,Cellular community - prokaryotes,ko02024 Quorum sensing,K20275 nematocidal protein AidA,Quorum sensing
20267,155.9255916,1.530249764,0.425981355,5.383554046,7.30E-08,3.66E-07,0.038082024,Root,Cellular Processes,Cellular community - prokaryotes,ko02024 Quorum sensing,K20267 type IV secretion system protein TrbH,Quorum sensing
20966,181.2205124,1.817533843,0.385946514,6.241005766,4.35E-10,4.33E-09,0.005209557,Root,Cellular Processes,Cellular community - prokaryotes,ko05111 Biofilm formation - Vibrio cholerae,K20966 c-di-GMP phosphodiesterase [EC:3.1.4.52],Secondary messaging
4643,275.5327378,2.985811497,0.377108432,8.282279244,1.21E-16,1.37E-14,5.37E-07,Root,Brite Hierarchies,Protein families: signaling and cellular processes,ko04030 G protein-coupled receptors,K04643 sensory rhodopsin,Secondary messaging
14266,105102.6121,1.302125442,0.149577195,9.585565786,9.20E-22,9.11E-19,0.005555572,Root,Metabolism,Biosynthesis of other secondary metabolites,ko00404 Staurosporine biosynthesis,K14266 tryptophan 7-halogenase [EC:1.14.19.9],Secondary metabolism
16397,1269.734848,1.427717173,0.308569004,6.190977819,5.98E-10,5.62E-09,0.026406437,Root,Metabolism,Metabolism of terpenoids and polyketides,ko01052 Type I polyketide structures,K16397 epothilone polyketide synthase D,Secondary metabolism
14368,108.3244261,1.473759604,0.392622712,5.492536054,3.96E-08,2.13E-07,0.04098479,Root,Metabolism,Metabolism of terpenoids and polyketides,ko01052 Type I polyketide structures,K14368 3-alpha-mycarosylerythronolide B desosaminyl transferase [EC:2.4.1.278],Secondary metabolism
14627,146.1909118,1.49577248,0.333935219,6.114157739,9.71E-10,8.41E-09,0.020585598,Root,Metabolism,Metabolism of terpenoids and polyketides,ko01057 Biosynthesis of type II polyketide products,K14627 dehydratase [EC:4.2.1.-],Secondary metabolism
21212,80.4737862,1.518099876,0.434443543,5.29852175,1.17E-07,5.55E-07,0.043209822,Root,Metabolism,Metabolism of terpenoids and polyketides,ko01059 Biosynthesis of enediyne antibiotics,"K21212 NDP-hexose 2,3-dehydratase",Secondary metabolism
16403,208.7352821,1.536284035,0.300394888,6.674680153,2.48E-11,3.79E-10,0.009466309,Root,Metabolism,Metabolism of terpenoids and polyketides,ko01052 Type I polyketide structures,K16403 O-methyltransferase,Secondary metabolism
11009,103.3636676,1.581419315,0.348328491,6.190149097,6.01E-10,5.64E-09,0.013810172,Root,Brite Hierarchies,Protein families: signaling and cellular processes,ko02042 Bacterial toxins,K11009 murine toxin,Secondary metabolism
15968,44.28507028,1.698214446,0.405972122,5.874114778,4.25E-09,3.00E-08,0.012722531,Root,Metabolism,Metabolism of terpenoids and polyketides,ko01057 Biosynthesis of type II polyketide products,K15968 tetracenomycin F2 cyclase [EC:4.2.1.154],Secondary metabolism
16448,68.38260245,1.945090824,0.514819962,5.449231194,5.06E-08,2.64E-07,0.011590193,Root,Metabolism,Metabolism of terpenoids and polyketides,ko01055 Biosynthesis of vancomycin group antibiotics,K16448 methylation protein MtfA,Secondary metabolism
19885,81.33201994,2.150660015,0.305269718,7.760134919,8.48E-15,4.57E-13,0.000133453,Root,Metabolism,Biosynthesis of other secondary metabolites,ko00404 Staurosporine biosynthesis,K19885 dichlorochromopyrrolate synthase / catalase [EC:1.21.98.2 1.11.1.6],Secondary metabolism
20086,8.835767095,2.542094081,0.802277359,4.966686345,6.81E-07,2.66E-06,0.017450063,Root,Metabolism,Biosynthesis of other secondary metabolites,ko00404 Staurosporine biosynthesis,K20086 tryptophan oxidase VioA [EC:1.4.3.-],Secondary metabolism
20088,5.433678106,2.563607071,0.529276893,5.852679702,4.84E-09,3.36E-08,0.001394952,Root,Metabolism,Biosynthesis of other secondary metabolites,ko00404 Staurosporine biosynthesis,K20088 violacein biosynthesis protein VioE,Secondary metabolism
20090,8.292453816,2.759297275,0.652981794,5.472779785,4.43E-08,2.36E-07,0.003396739,Root,Metabolism,Biosynthesis of other secondary metabolites,ko00404 Staurosporine biosynthesis,K20090 violacein synthase [EC:1.14.13.224],Secondary metabolism
4338,209.8542923,1.204732648,0.176180031,7.713408843,1.23E-14,6.12E-13,0.043942362,Root,Brite Hierarchies,Protein families: signaling and cellular processes,ko02044 Secretion system,K04338 curli production assembly/transport component CsgF,Secretion systems
12285,1101.946637,1.247654471,0.180549953,7.865278149,3.68E-15,2.35E-13,0.027751664,Root,Brite Hierarchies,Protein families: signaling and cellular processes,ko02044 Secretion system,K12285 MSHA biogenesis protein MshO,Biofilm formation
12059,743.8780837,1.294388502,0.237844241,6.692878087,2.19E-11,3.42E-10,0.037349252,Root,Brite Hierarchies,Protein families: signaling and cellular processes,ko02044 Secretion system,K12059 conjugal transfer pilus assembly protein TrbC,Secretion systems
12280,908.6008322,1.299160565,0.203580447,7.505581762,6.12E-14,2.44E-12,0.021223747,Root,Brite Hierarchies,Protein families: signaling and cellular processes,ko02044 Secretion system,K12280 MSHA biogenesis protein MshJ,Biofilm formation
12286,499.9947416,1.311109054,0.187043146,8.078190957,6.57E-16,5.32E-14,0.013268318,Root,Brite Hierarchies,Protein families: signaling and cellular processes,ko02044 Secretion system,K12286 MSHA biogenesis protein MshP,Biofilm formation
12284,750.4121507,1.409406264,0.22601777,7.55565057,4.17E-14,1.74E-12,0.008048532,Root,Brite Hierarchies,Protein families: signaling and cellular processes,ko02044 Secretion system,K12284 MSHA biogenesis protein MshN,Biofilm formation
3202,104.1794613,1.435939374,0.404877539,5.297866596,1.17E-07,5.57E-07,0.048806795,Root,Environmental Information Processing,Membrane transport,ko03070 Bacterial secretion system,K03202 type IV secretion system protein VirB7,Secretion systems
18373,197.192582,1.436595708,0.338731838,5.873894411,4.26E-09,3.00E-08,0.033121639,Root,Brite Hierarchies,Protein families: signaling and cellular processes,ko02044 Secretion system,K18373 type III secretion protein HrpB1,Secretion systems
11017,428.7462351,1.451714059,0.259708018,7.037941653,1.95E-12,4.40E-11,0.01046046,Root,Environmental Information Processing,Membrane transport,ko03070 Bacterial secretion system,K11017 hemolysin activation/secretion protein,Secretion systems
12069,250.1518651,1.535959386,0.263311598,7.299782251,2.88E-13,8.93E-12,0.004857053,Root,Brite Hierarchies,Protein families: signaling and cellular processes,ko02044 Secretion system,K12069 conjugal transfer pilus assembly protein TraA,Secretion systems
12281,212.4656711,1.561753002,0.237270576,7.964496523,1.66E-15,1.15E-13,0.001807136,Root,Brite Hierarchies,Protein families: signaling and cellular processes,ko02044 Secretion system,K12281 MSHA biogenesis protein MshK,Biofilm formation
20555,26.65241784,1.607337609,0.386342292,5.870141453,4.35E-09,3.07E-08,0.018043728,Root,Cellular Processes,Cellular community - prokaryotes,ko02024 Quorum sensing,K20555 type IV secretion system protein TrbK,Secretion systems
11909,129.7348994,1.671805768,0.396825362,5.905963685,3.51E-09,2.55E-08,0.015354688,Root,Brite Hierarchies,Protein families: signaling and cellular processes,ko02044 Secretion system,K11909 type VI secretion system protein VasI,Secretion systems
18380,256.0828611,1.679841348,0.305175353,6.992600057,2.70E-12,5.78E-11,0.003116816,Root,Brite Hierarchies,Protein families: signaling and cellular processes,ko02044 Secretion system,K18380 type III secretion control protein HpaB,Secretion systems
12083,66.76764687,1.786064521,0.301507728,7.268190539,3.64E-13,1.09E-11,0.001218966,Root,Brite Hierarchies,Protein families: metabolism,ko01000 Enzymes,K12083 type IV secretion system protein PtlH [EC:7.4.2.8],Secretion systems
12688,476.9273997,2.042985592,0.326331982,7.247128777,4.26E-13,1.24E-11,0.000469284,Root,Human Diseases,Infectious disease: bacterial,ko05133 Pertussis,K12688 autotransporter serine protease [EC:3.4.21.-],Secretion systems
11889,174.4185233,2.044127088,0.585352394,5.20843115,1.90E-07,8.56E-07,0.016904986,Root,Brite Hierarchies,Protein families: metabolism,ko01000 Enzymes,K11889 type VI secretion system protein ImpN [EC:2.7.11.1],Secretion systems
12228,26.67910199,2.08392036,0.352421625,6.927875036,4.27E-12,8.53E-11,0.000624609,Root,Brite Hierarchies,Protein families: signaling and cellular processes,ko02044 Secretion system,K12228 TrbB protein,Secretion systems
13454,3.347275749,3.150064535,1.016364512,5.220731223,1.78E-07,8.07E-07,0.015849814,Root,Organismal Systems,Environmental adaptation,ko04626 Plant-pathogen interaction,K13454 type III effector protein AvrRpm1,Secretion systems
17060,3306.292649,1.199998306,0.176628337,7.664763389,1.79E-14,8.26E-13,0.04547719,Root,Environmental Information Processing,Signal transduction,ko02020 Two-component system,"K17060 two-component system, sensor histidine kinase AauS [EC:2.7.13.3]",Sensor regulator
5874,21010.62942,1.377908598,0.197567343,8.161758294,3.30E-16,3.01E-14,0.006766259,Root,Environmental Information Processing,Signal transduction,ko02020 Two-component system,"K05874 methyl-accepting chemotaxis protein I, serine sensor receptor",Sensor regulator
5876,1689.321002,1.948054962,0.261037287,8.367041159,5.91E-17,7.43E-15,0.000118984,Root,Environmental Information Processing,Signal transduction,ko02020 Two-component system,"K05876 methyl-accepting chemotaxis protein III, ribose and galactose sensor receptor",Sensor regulator
7786,95.34672505,2.146067925,0.447234393,6.046531989,1.48E-09,1.21E-08,0.002297692,Root,Environmental Information Processing,Signal transduction,ko02020 Two-component system,"K07786 MFS transporter, DHA2 family, multidrug resistance protein",Sensor regulator
19611,142.3744953,2.422095839,0.806496286,4.878680563,1.07E-06,3.96E-06,0.02184649,Root,Environmental Information Processing,Signal transduction,ko02020 Two-component system,K19611 ferric enterobactin receptor,Sensor regulator
6080,24.86978971,3.309797065,0.628178575,6.139771943,8.26E-10,7.35E-09,0.000415496,Root,Environmental Information Processing,Signal transduction,ko02020 Two-component system,K06080 RcsF protein,Sensor regulator
3477,4072.512216,1.180120939,0.158371835,8.210431497,2.20E-16,2.25E-14,0.044713943,Root,Brite Hierarchies,Protein families: genetic information processing,ko03000 Transcription factors,"K03477 DeoR family transcriptional regulator, ulaG and ulaABCDEF operon transcriptional repressor",Transcriptional regulation
21825,1386.990013,1.411061761,0.188329255,8.670665971,4.30E-18,9.73E-16,0.002838736,Root,Brite Hierarchies,Protein families: genetic information processing,ko03000 Transcription factors,"K21825 AraC family transcriptional regulator, L-arginine-responsive activator",Transcriptional regulation
19060,139.0393982,1.468961677,0.396087599,5.45253804,4.97E-08,2.60E-07,0.042470187,Root,Brite Hierarchies,Protein families: genetic information processing,ko03000 Transcription factors,"K19060 TetR/AcrR family transcriptional regulator, macrolide resistance operon repressor",Transcriptional regulation
5372,221.4008024,1.481874109,0.251652117,7.321975405,2.44E-13,7.76E-12,0.006363033,Root,Brite Hierarchies,Protein families: genetic information processing,ko03000 Transcription factors,K05372 AraC family transcriptional regulator,Transcriptional regulation
12820,61.60659051,2.741014617,0.401836512,7.273054051,3.51E-13,1.06E-11,2.96E-05,Root,Genetic Information Processing,Transcription,ko03040 Spliceosome,K12820 pre-mRNA-splicing factor ATP-dependent RNA helicase DHX15/PRP43 [EC:3.6.4.13],Transcriptional regulation